{
 "n": 300,
 "recall@10": 0.6566666666666666,
 "qa": 0.7346491228070176
}