{
 "recall_n": 470,
 "recall@10": 0.9723404255319149,
 "qa_n": 51,
 "qa": 0.803921568627451
}